"SampleID","Observed","Shannon","Simpson","Pot","Intensity","Frequency","Composition","Replicate","Microbes"
"10WLC1B",579,5.2987521258254,0.98407536,"Pot-10","Wet","Low","Conspecific",1,"Bacteria"
"10WLC2B",343,4.62060462211357,0.97003136,"Pot-10","Wet","Low","Conspecific",2,"Bacteria"
"114DHH1B",511,5.568434283687,0.991938,"Pot-114","Dry","High","Heterospecific",1,"Bacteria"
"114DHH2B",342,5.17603382362345,0.98975952,"Pot-114","Dry","High","Heterospecific",2,"Bacteria"
"117DHH1B",347,4.57542925065682,0.96659064,"Pot-117","Dry","High","Heterospecific",1,"Bacteria"
"117DHH2B",295,4.36283817470868,0.95721776,"Pot-117","Dry","High","Heterospecific",2,"Bacteria"
"119DHH1B",337,4.5620554118595,0.96199192,"Pot-119","Dry","High","Heterospecific",1,"Bacteria"
"119DHH2B",365,4.77318746865377,0.9703312,"Pot-119","Dry","High","Heterospecific",2,"Bacteria"
"1WLC1B",653,5.68994497024253,0.99185096,"Pot-1","Wet","Low","Conspecific",1,"Bacteria"
"1WLC2B",376,5.03187649272077,0.98358864,"Pot-1","Wet","Low","Conspecific",2,"Bacteria"
"21WLH1B",384,4.65518927668583,0.96469424,"Pot-21","Wet","Low","Heterospecific",1,"Bacteria"
"21WLH2B",409,5.0679539467756,0.98558376,"Pot-21","Wet","Low","Heterospecific",2,"Bacteria"
"22WLH1B",728,5.75158109317752,0.99120536,"Pot-22","Wet","Low","Heterospecific",1,"Bacteria"
"22WLH2B",661,5.48150550113471,0.98948056,"Pot-22","Wet","Low","Heterospecific",2,"Bacteria"
"23WLH1B",576,5.52862292373108,0.99187448,"Pot-23","Wet","Low","Heterospecific",1,"Bacteria"
"23WLH2B",519,5.66511414089478,0.99294968,"Pot-23","Wet","Low","Heterospecific",2,"Bacteria"
"24WLH1B",732,5.85485337649655,0.99400784,"Pot-24","Wet","Low","Heterospecific",1,"Bacteria"
"24WLH2B",1025,6.26167618128428,0.99447136,"Pot-24","Wet","Low","Heterospecific",2,"Bacteria"
"25WLH1B",713,5.51441800487917,0.98740656,"Pot-25","Wet","Low","Heterospecific",1,"Bacteria"
"25WLH2B",842,6.06583421841974,0.99525,"Pot-25","Wet","Low","Heterospecific",2,"Bacteria"
"26WLH1B",663,5.63479453914631,0.99186208,"Pot-26","Wet","Low","Heterospecific",1,"Bacteria"
"26WLH2B",736,5.85516196371718,0.99380408,"Pot-26","Wet","Low","Heterospecific",2,"Bacteria"
"27WLH1B",708,5.66370978002621,0.99207408,"Pot-27","Wet","Low","Heterospecific",1,"Bacteria"
"28WLH1B",496,5.61756808133976,0.99360536,"Pot-28","Wet","Low","Heterospecific",1,"Bacteria"
"28WLH2B",297,3.91697457950333,0.94705008,"Pot-28","Wet","Low","Heterospecific",2,"Bacteria"
"29WLH1B",583,5.65814133597615,0.99156992,"Pot-29","Wet","Low","Heterospecific",1,"Bacteria"
"29WLH2B",681,5.74522110994519,0.99293856,"Pot-29","Wet","Low","Heterospecific",2,"Bacteria"
"2WLC1B",513,5.24471388031646,0.98538216,"Pot-2","Wet","Low","Conspecific",1,"Bacteria"
"2WLC2B",618,5.36171379801867,0.98122472,"Pot-2","Wet","Low","Conspecific",2,"Bacteria"
"30WLH1B",562,5.52873979734279,0.99244088,"Pot-30","Wet","Low","Heterospecific",1,"Bacteria"
"30WLH2B",632,5.70885573994982,0.99313176,"Pot-30","Wet","Low","Heterospecific",2,"Bacteria"
"31WHC1B",567,5.65457164565883,0.99269536,"Pot-31","Wet","High","Conspecific",1,"Bacteria"
"31WHC2B",660,5.46680470151761,0.98658184,"Pot-31","Wet","High","Conspecific",2,"Bacteria"
"32WHC1B",488,4.79083894325728,0.97703312,"Pot-32","Wet","High","Conspecific",1,"Bacteria"
"32WHC2B",665,5.40819808600675,0.98675,"Pot-32","Wet","High","Conspecific",2,"Bacteria"
"33WHC1B",307,3.86698785383982,0.9394472,"Pot-33","Wet","High","Conspecific",1,"Bacteria"
"33WHC2B",427,4.33257007821945,0.9578092,"Pot-33","Wet","High","Conspecific",2,"Bacteria"
"34WHC1B",685,5.39561699095796,0.98718128,"Pot-34","Wet","High","Conspecific",1,"Bacteria"
"34WHC2B",682,5.58780730509494,0.99015328,"Pot-34","Wet","High","Conspecific",2,"Bacteria"
"35WHC1B",519,4.54407411333974,0.95715664,"Pot-35","Wet","High","Conspecific",1,"Bacteria"
"35WHC2B",507,4.74031731583165,0.9714616,"Pot-35","Wet","High","Conspecific",2,"Bacteria"
"36WHC1B",677,5.83370426462183,0.9946012,"Pot-36","Wet","High","Conspecific",1,"Bacteria"
"36WHC2B",491,4.75780029022464,0.9699976,"Pot-36","Wet","High","Conspecific",2,"Bacteria"
"37WHC1B",704,5.5528789613145,0.98844176,"Pot-37","Wet","High","Conspecific",1,"Bacteria"
"37WHC2B",560,5.22000764492178,0.98536728,"Pot-37","Wet","High","Conspecific",2,"Bacteria"
"38WHC1B",865,5.89070122853579,0.99202344,"Pot-38","Wet","High","Conspecific",1,"Bacteria"
"38WHC2B",812,5.78486600178639,0.99197272,"Pot-38","Wet","High","Conspecific",2,"Bacteria"
"39WHC1B",588,4.77159662401329,0.96734848,"Pot-39","Wet","High","Conspecific",1,"Bacteria"
"39WHC2B",529,4.67828312945255,0.9687764,"Pot-39","Wet","High","Conspecific",2,"Bacteria"
"3WLC1B",552,5.21719095225211,0.9842516,"Pot-3","Wet","Low","Conspecific",1,"Bacteria"
"3WLC2B",631,5.59409246725141,0.9917528,"Pot-3","Wet","Low","Conspecific",2,"Bacteria"
"40WHC1B",610,5.34885962115313,0.98488312,"Pot-40","Wet","High","Conspecific",1,"Bacteria"
"40WHC2B",502,5.25816591976837,0.98652584,"Pot-40","Wet","High","Conspecific",2,"Bacteria"
"4WLC1B",797,5.94161006153501,0.99318688,"Pot-4","Wet","Low","Conspecific",1,"Bacteria"
"4WLC2B",709,5.72073008625555,0.99142384,"Pot-4","Wet","Low","Conspecific",2,"Bacteria"
"51WHH1B",436,5.38907658173332,0.98999456,"Pot-51","Wet","High","Heterospecific",1,"Bacteria"
"51WHH2B",277,4.61344374682561,0.974998,"Pot-51","Wet","High","Heterospecific",2,"Bacteria"
"52WHH1B",827,5.64536197004424,0.98841728,"Pot-52","Wet","High","Heterospecific",1,"Bacteria"
"52WHH2B",482,4.63147584243311,0.95694504,"Pot-52","Wet","High","Heterospecific",2,"Bacteria"
"53WHH1B",680,5.45851844847498,0.985864,"Pot-53","Wet","High","Heterospecific",1,"Bacteria"
"53WHH2B",473,5.20737564711395,0.984652,"Pot-53","Wet","High","Heterospecific",2,"Bacteria"
"54WHH1B",480,5.12161603226503,0.9830364,"Pot-54","Wet","High","Heterospecific",1,"Bacteria"
"54WHH2B",476,5.40147865118635,0.9904588,"Pot-54","Wet","High","Heterospecific",2,"Bacteria"
"55WHH1B",537,5.37047740350253,0.98747144,"Pot-55","Wet","High","Heterospecific",1,"Bacteria"
"55WHH2B",356,5.40841908901358,0.99276232,"Pot-55","Wet","High","Heterospecific",2,"Bacteria"
"56WHH1B",977,6.08744466291435,0.99345016,"Pot-56","Wet","High","Heterospecific",1,"Bacteria"
"56WHH2B",653,5.6796236862913,0.99246416,"Pot-56","Wet","High","Heterospecific",2,"Bacteria"
"57WHH1B",869,6.04658622604547,0.99329496,"Pot-57","Wet","High","Heterospecific",1,"Bacteria"
"57WHH2B",273,3.88139141249828,0.93388712,"Pot-57","Wet","High","Heterospecific",2,"Bacteria"
"58WHH1B",793,5.64385765931426,0.9880496,"Pot-58","Wet","High","Heterospecific",1,"Bacteria"
"58WHH2B",434,4.36511279936126,0.9606224,"Pot-58","Wet","High","Heterospecific",2,"Bacteria"
"59WHH1B",844,5.9253662915889,0.99376664,"Pot-59","Wet","High","Heterospecific",1,"Bacteria"
"59WHH2B",483,5.15353280164564,0.98728328,"Pot-59","Wet","High","Heterospecific",2,"Bacteria"
"5WLC2B",412,5.50582349736471,0.99281232,"Pot-5","Wet","Low","Conspecific",2,"Bacteria"
"60WHH1B",837,6.04309188638315,0.99544272,"Pot-60","Wet","High","Heterospecific",1,"Bacteria"
"60WHH2B",627,5.5430147874179,0.98848704,"Pot-60","Wet","High","Heterospecific",2,"Bacteria"
"61DLC1B",688,5.52556374489777,0.98995352,"Pot-61","Dry","Low","Conspecific",1,"Bacteria"
"61DLC2B",548,5.16010535626696,0.985122,"Pot-61","Dry","Low","Conspecific",2,"Bacteria"
"62DLC1B",890,5.90002742225458,0.99224392,"Pot-62","Dry","Low","Conspecific",1,"Bacteria"
"62DLC2B",381,4.55985718311859,0.96440544,"Pot-62","Dry","Low","Conspecific",2,"Bacteria"
"63DLC1B",366,4.78878931454221,0.97946176,"Pot-63","Dry","Low","Conspecific",1,"Bacteria"
"63DLC2B",349,5.05893363943546,0.9882372,"Pot-63","Dry","Low","Conspecific",2,"Bacteria"
"64DLC1B",300,4.78639400934454,0.98080352,"Pot-64","Dry","Low","Conspecific",1,"Bacteria"
"65DLC1B",559,5.54984746188826,0.99087864,"Pot-65","Dry","Low","Conspecific",1,"Bacteria"
"65DLC2B",318,4.73929507693246,0.98115264,"Pot-65","Dry","Low","Conspecific",2,"Bacteria"
"66DLC1B",814,5.45806035655353,0.98469,"Pot-66","Dry","Low","Conspecific",1,"Bacteria"
"66DLC2B",580,5.05689091435312,0.98018208,"Pot-66","Dry","Low","Conspecific",2,"Bacteria"
"67DLC1B",321,4.69118828968313,0.96901728,"Pot-67","Dry","Low","Conspecific",1,"Bacteria"
"67DLC2B",185,4.10145341184241,0.96404992,"Pot-67","Dry","Low","Conspecific",2,"Bacteria"
"68DLC1B",397,4.52604350081636,0.95553088,"Pot-68","Dry","Low","Conspecific",1,"Bacteria"
"68DLC2B",477,5.25849602775038,0.98696232,"Pot-68","Dry","Low","Conspecific",2,"Bacteria"
"69DLC1B",544,5.17621373317507,0.98350888,"Pot-69","Dry","Low","Conspecific",1,"Bacteria"
"69DLC2B",546,5.22538704263211,0.98809352,"Pot-69","Dry","Low","Conspecific",2,"Bacteria"
"6WLC1B",474,5.22155447250039,0.98565456,"Pot-6","Wet","Low","Conspecific",1,"Bacteria"
"6WLC2B",518,5.37209869593318,0.98767512,"Pot-6","Wet","Low","Conspecific",2,"Bacteria"
"70DLC1B",408,4.92321031646844,0.98191696,"Pot-70","Dry","Low","Conspecific",1,"Bacteria"
"70DLC2B",361,4.90711448552435,0.9837916,"Pot-70","Dry","Low","Conspecific",2,"Bacteria"
"7WLC1B",531,4.86810096269924,0.97177056,"Pot-7","Wet","Low","Conspecific",1,"Bacteria"
"7WLC2B",764,5.75871015400498,0.99028544,"Pot-7","Wet","Low","Conspecific",2,"Bacteria"
"81DLH1B",432,5.17446339962042,0.98626232,"Pot-81","Dry","Low","Heterospecific",1,"Bacteria"
"81DLH2B",459,4.97805240974637,0.9795936,"Pot-81","Dry","Low","Heterospecific",2,"Bacteria"
"82DLH1B",618,5.54002685633963,0.98933688,"Pot-82","Dry","Low","Heterospecific",1,"Bacteria"
"82DLH2B",452,5.05181504779001,0.98250488,"Pot-82","Dry","Low","Heterospecific",2,"Bacteria"
"83DLH1B",465,5.21963922757683,0.98684368,"Pot-83","Dry","Low","Heterospecific",1,"Bacteria"
"83DLH2B",536,5.37323610148479,0.98862704,"Pot-83","Dry","Low","Heterospecific",2,"Bacteria"
"84DLH1B",548,5.41235061940446,0.989932,"Pot-84","Dry","Low","Heterospecific",1,"Bacteria"
"84DLH2B",464,5.0490956005915,0.98183336,"Pot-84","Dry","Low","Heterospecific",2,"Bacteria"
"85DLH1B",472,5.14542416935517,0.98597136,"Pot-85","Dry","Low","Heterospecific",1,"Bacteria"
"85DLH2B",573,5.3078423316922,0.98816,"Pot-85","Dry","Low","Heterospecific",2,"Bacteria"
"86DLH1B",501,5.28383809150567,0.98855696,"Pot-86","Dry","Low","Heterospecific",1,"Bacteria"
"86DLH2B",673,5.73397209556672,0.99338744,"Pot-86","Dry","Low","Heterospecific",2,"Bacteria"
"87DLH1B",519,5.21867827580063,0.9844548,"Pot-87","Dry","Low","Heterospecific",1,"Bacteria"
"87DLH2B",711,5.63068302036932,0.9918228,"Pot-87","Dry","Low","Heterospecific",2,"Bacteria"
"88DLH1B",520,4.89022623262382,0.97450768,"Pot-88","Dry","Low","Heterospecific",1,"Bacteria"
"89DLH1B",278,4.46782758224562,0.9642964,"Pot-89","Dry","Low","Heterospecific",1,"Bacteria"
"89DLH2B",364,5.05323696125005,0.98600224,"Pot-89","Dry","Low","Heterospecific",2,"Bacteria"
"8WLC1B",295,4.65458961446839,0.97767024,"Pot-8","Wet","Low","Conspecific",1,"Bacteria"
"8WLC2B",353,4.82382262096927,0.97743544,"Pot-8","Wet","Low","Conspecific",2,"Bacteria"
"90DLH1B",631,5.56980915972594,0.99037376,"Pot-90","Dry","Low","Heterospecific",1,"Bacteria"
"90DLH2B",510,5.19428833776706,0.98493656,"Pot-90","Dry","Low","Heterospecific",2,"Bacteria"
"96DHC1B",438,4.80050692073501,0.96891456,"Pot-96","Dry","High","Conspecific",1,"Bacteria"
"96DHC2B",302,4.10666296782876,0.940718,"Pot-96","Dry","High","Conspecific",2,"Bacteria"
"97DHC1B",411,4.8832795170513,0.976028,"Pot-97","Dry","High","Conspecific",1,"Bacteria"
"97DHC2B",350,4.70210476084739,0.97071384,"Pot-97","Dry","High","Conspecific",2,"Bacteria"
"98DHC1B",493,5.13704772854842,0.9833752,"Pot-98","Dry","High","Conspecific",1,"Bacteria"
"98DHC2B",292,4.30542600596121,0.96559392,"Pot-98","Dry","High","Conspecific",2,"Bacteria"
"9WLC1B",466,4.94480321078668,0.96309104,"Pot-9","Wet","Low","Conspecific",1,"Bacteria"
"9WLC2B",367,4.32116045379056,0.91434448,"Pot-9","Wet","Low","Conspecific",2,"Bacteria"
